CMA,Province
Abbotsford-Mission, British Columbia
Barrie, Ontario
Belleville, Ontario
Brantford, Ontario
Calgary, Alberta
Edmonton, Alberta
Greater Sudbury, Ontario
Guelph, Ontario
Halifax, Nova Scotia
Hamilton, Ontario
Kelowna, British Columbia
Kingston, Ontario
Kitchener-Cambridge-Waterloo, Ontario
Lethbridge, Alberta
London, Ontario
Moncton, New Brunswick
Montreal, Quebec
Oshawa, Ontario
Ottawa, Ontario
Ottawa-Gatineau, Ontario/Quebec
Gatineau, Quebec
Peterborough, Ontario
Quebec, Quebec
Regina, Saskatchewan
Saguenay, Quebec
Saint John, New Brunswick
Saskatoon, Saskatchewan
Sherbrooke, Quebec
St. Catharines-Niagara, Ontario
St. John's, Newfoundland and Labrador
Thunder Bay, Ontario
Toronto, Ontario
Trois-Rivieres, Quebec
Vancouver, British Columbia
Victoria, British Columbia
Windsor, Ontario
Winnipeg, Manitoba
Abbotsford - Mission, British Columbia
Kitchener - Cambridge - Waterloo, Ontario
Trois-Rivières, Quebec
Montréal, Quebec
St. Catharines - Niagara, Ontario
Ottawa - Gatineau, Ontario/Quebec
Prince Edward Island,Prince Edward Island
Northwest Territories,Northwest Territories
Nunavut,Nunavut
Yukon,Yukon
Alberta,Alberta
Québec, Quebec
